age,income
48.935913,399.161393
39.234323,364.225531
55.659901,406.475105
31.810637,341.276022
65.342336,414.347815
